,Date,TweetURL,User,Source,Location,Tweet,Likes_Count,Retweet_Count,Quote_Count,Reply_Count
0,2023-03-16 14:12:56+00:00,https://twitter.com/shaanizzle_/status/1636369963345924100,shaanizzle_,Twitter for Android,BKI,Kenapa Celcom njing ni masih tiada line ğŸ˜©,0,0,0,0
1,2023-03-16 13:11:30+00:00,https://twitter.com/florendymph/status/1636354503162359809,florendymph,Twitter for Android,,Punyalh gigih on off fon sbb no service HAHAHHAHAHA celcom celcom dahlah pilih kasih kenapa adik sy celcom ada line and the others tiada HAHAHHAHAHA,0,0,0,0
2,2023-03-16 11:42:18+00:00,https://twitter.com/taecyeon883/status/1636332054764990464,taecyeon883,Twitter for iPhone,,"@Celcom why area Kinarut, Sabah tiada line tiba2 ni? Ada pun, putus2. Hantar whatsapp, kejap send kejap one tick",0,0,0,1
3,2023-03-14 09:39:15+00:00,https://twitter.com/asmaatina/status/1635576315574374406,asmaatina,Twitter for Android,ipoh perak,"Di sebabkan tempat tiada line malam lepas makan kebosanan nasib la ada bawa kad uno. Line maxis, umobile, digi, celcom tiada. 

Dapat solat kt beranda open dgn cuaca sejuk ğŸ¥°ğŸ¥° org lain deko surau lawa lawa je kalau ak ada rezeki tanah dekat dgn sungai nk buat surau open macam ni https://t.co/Nh5m7js2F9",0,0,0,0
4,2023-03-05 01:27:48+00:00,https://twitter.com/zaryl2k/status/1632191144552726531,zaryl2k,Twitter for iPad,,"@XavierNaxa Min, saya dah berjaya dapatkan hotlink esim sebagai telco sekunder sandaran. Line utama guna celcom blue 5GB.
Lepas ni tiada masalah sekiranya ke kawasan yg kurang coverage. Saya percaya kombo celcom+maxis adalah kombo terbaik. ğŸ˜ https://t.co/Stz3zOpcCt",1,0,0,1
5,2023-02-27 06:51:25+00:00,https://twitter.com/IniAlalalannn/status/1630098257828528128,IniAlalalannn,Twitter for Android,,"Salam YB @fahmi_fadzil , dah 3 jam pengguna @celcom kawasan utara dari Perak sehingga ke Perlis tiada rangkaian untuk buat panggilan mahupun untuk menggunakan internet. Tolong assist kami, sebab pihak Celcom macam biasa lembab buat kerja macam line internet dia",36,20,6,1
6,2023-02-27 06:43:53+00:00,https://twitter.com/coppralulu/status/1630096365329211392,coppralulu,Twitter for iPhone,Malaysia,"Member aku baling phone pecah, rupanya line celcom down hahaha penyesalan tiada erti lagi #celcomokketu ????",0,0,0,0
7,2023-01-26 06:08:07+00:00,https://twitter.com/George55062635/status/1618490951584083968,George55062635,Twitter for iPhone,"Johore, Malaysia",@Celcom tiada membuat pembaikan ke ? Sbb di SONG SARAWAK adalah majoriti hampir menggunakan celcom ? Apa nasib pedalaman seperti kami ni ? Nak buat itu ini tk bole line tkda incase kalau hal emergency nak call tak boleh !,0,0,0,1
8,2023-01-26 06:06:00+00:00,https://twitter.com/George55062635/status/1618490417309417480,George55062635,Twitter for iPhone,"Johore, Malaysia",Selamat Petang dan salam Sejahtera @Celcom ! Disini saya ingin tekankan bahawasanya saya sebagai pengguna Celcom ! Tiada perubahan langsung kejap line tkda line teruk dan sebagainya ! https://t.co/zUllEY2UXf,0,0,0,1
9,2023-01-16 11:31:08+00:00,https://twitter.com/LinaRamsah/status/1614948363665043457,LinaRamsah,Twitter for iPhone,,Gila sudah kali @Celcom di Beluran ni. Sepanjang hari tiada line. Masuk hari ketiga hari ni. Zero. None. Kosong. Sampai tahap orang meninggal pun kena dtg dr rumah ke rumah utk bagitau. https://t.co/1HjSMylIQ7,1,0,0,1
10,2023-01-15 08:38:44+00:00,https://twitter.com/LinaRamsah/status/1614542590153723904,LinaRamsah,Twitter for iPhone,,Gila la celcom. Dari subuh sampai ke petang tiada line..ğŸ’†â€â™€ï¸ğŸ’†â€â™€ï¸,3,0,0,1
11,2023-01-14 13:39:53+00:00,https://twitter.com/piraearthe/status/1614255986956709889,piraearthe,Twitter for Android,,@Celcom dan line lembap berpisah tiada,0,0,0,1
12,2023-01-14 10:17:41+00:00,https://twitter.com/nong7697/status/1614205103287980032,nong7697,Twitter for iPhone,,@Celcom tiada ribut tiada angin line tiada di batu niah miri sarawak..hampir 24 jam tiada line..tolong selesaikan masalah pengguna @McmcReact @kkd_gov,0,0,0,1
13,2023-01-12 12:51:20+00:00,https://twitter.com/mevius_m_/status/1613518992572043267,mevius_m_,Twitter Web App,Malaysia,"@ShoibZahari @anwaribrahim @CelcomBlueCube @Maxis Maxis, celcom, digi, Umobile dan unifi semua tiada pencawang tetapi besubahat dengan MCMC menipu pelanggan belanja wang. 4 tahun 80K, e-wallet 400K semua kena curi tukar apa line ini kes jenayah.",0,0,0,1
14,2023-01-12 02:28:06+00:00,https://twitter.com/tompulingot/status/1613362151284174848,tompulingot,Twitter for iPhone,"ğŸ“LDU, Land below the wind ",Celcom.. mana mana aaa today tiada line? Bongok,0,0,0,0
15,2022-12-31 02:13:32+00:00,https://twitter.com/OfficialCollenz/status/1609009830718767105,OfficialCollenz,Twitter for iPhone,malaysia,Sudah 5 Hari line celcom terputus disebabkan angin kencang di kg suangpai kudat sabah.tapi tiada tindakan pantas dari celom untuk memulihkan liputan. @Celcom,0,0,0,1
16,2022-12-22 06:57:53+00:00,https://twitter.com/_amirulanwar/status/1605819901351841792,_amirulanwar,Twitter for iPhone,,@nuraneedaizzati @aaimiemaissarah Aduuu kamon ah orang celcom/digi!!! Rakyat susah tiada line niii,0,0,0,0
17,2022-12-21 09:18:08+00:00,https://twitter.com/Sayangkucing12/status/1605492808114049025,Sayangkucing12,Twitter for Android,,@Celcom okay terima kasih untuk maklum balas. buat masa sekarang line masih tak okay tiada bar langsung untuk celcom disini. harap akan okay sikit malam ni ğŸ˜“,0,0,0,1
18,2022-12-06 05:39:14+00:00,https://twitter.com/LEOSQUEEN2020/status/1600001901898387456,LEOSQUEEN2020,Twitter for Android,,"@vivyxoxoW Aka hang buat fitnah kalau tiada news link. Gua sekarang dah moden,  boleh guna line Celcom/satellite phone.",0,0,0,1
19,2022-12-05 13:13:35+00:00,https://twitter.com/sakuransandesu/status/1599753855465844737,sakuransandesu,Twitter for iPhone,Kuala Lumpur Federal Territory,@Celcom Masih tiada line,0,0,0,1
20,2022-12-01 14:10:17+00:00,https://twitter.com/miieerraaww/status/1598318573273112577,miieerraaww,Twitter for iPhone,JHB,Celcom ni mmg boleh pergi mamps je laa. Sabtu ni aku nak tukar line! Punya la setia bertahun aku pakai makin hari makin menyakit kan hati elok berpindah je la ke plan lain. Lagi bagus. Setia yg tiada guna ya,2,0,0,0
21,2022-11-30 14:24:56+00:00,https://twitter.com/haneudye/status/1597959872389484547,haneudye,Twitter for Android,"Kuching, Sarawak",@Celcom Dah berapa kali buat adunan dkt app report still tiada perubahan....sia sia jak naga tiang megare...... rumah depan tiang pun line pun selow gini Malaysia mok maju,1,0,0,1
22,2022-11-09 02:25:27+00:00,https://twitter.com/Bob15344219/status/1590168662534938624,Bob15344219,Twitter for Android,,@mkini_bm kenapa celcom tiada line.,0,0,0,0
23,2022-11-06 14:57:29+00:00,https://twitter.com/l0n3ly_women/status/1589270754184822789,l0n3ly_women,Twitter for Android,,"@Celcom hi celcom, ada masalah teknikal lg ke di Jln KP 1/6. Semalam dah problem dari 11.00 pg - 7.11 mlm. Hari ini pun sama. Pukul 8.00 mlm tiada line. Dua kali call nak berckp dengan team teknikal busy. Please, take action regarding this matter.",0,0,0,1
24,2022-10-25 07:19:08+00:00,https://twitter.com/0302yes/status/1584806750796263429,0302yes,Twitter Web App,On Earth..=),@Celcom sudah whatsapp... lepas dah ambil no phone.. terus hang macam tiada penyelesaian... nak send gambar kerja thru whatsapp pon x lepas ni.. apa line celcom ni?,0,0,0,1
25,2022-10-24 03:05:25+00:00,https://twitter.com/yedambear/status/1584380515729428483,yedambear,Twitter for Android,,"@Celcom Salam celcom saya dah dua hari tiada line ni kat SHAH ALAM seksyen 7. Whatsapp call semua tak boleh, nak buat kerja semua x dpt. Minta tolong respond anda ya dan simcard tak bermasalah pun dah check.",0,0,0,1
26,2022-10-23 16:24:24+00:00,https://twitter.com/LemanStark/status/1584219197759926272,LemanStark,Twitter for iPhone,Gua ,"Ini saya tak cerita isu telekomunikasi yang haram takde line. Rasa bayar @Celcom for free je. Mobile data haprak takde. 

Mana pegi janji2 @AnnuarMusa ?

Apa guna bagi taraf Bandar pada Puncak Alam kalau dua bende asas ni pun tiada @mpkselangor",1,0,0,1
27,2022-10-11 06:10:29+00:00,https://twitter.com/KasmahTen/status/1579716045132398593,KasmahTen,Twitter for iPhone,"Tawau, Sabah [VIPsince2011]",Memang pihak celcom ni tiada niat kah mau perbaiki line internet sesetengah area balung cocos ni??? Dah hampir setahun oiiii ğŸ¤¦ğŸ»,0,0,0,0
28,2022-10-09 11:50:24+00:00,https://twitter.com/88Yeon88/status/1579076810222211072,88Yeon88,Twitter for Android,"Sepang, Selangor",@501Awani Line Celcom paling kelaut. Teruk amat. Banyak kali buat aduan pun macam tak endah dan tiada perubahan. Truly Malaysia.,2,0,0,1
29,2022-10-06 11:54:57+00:00,https://twitter.com/miscssan/status/1577990792727080961,miscssan,Twitter for Android,"Sabah, Malaysia/ North Borneo","Ya Tuhan. Apa bah masalah line Celcom ni?! Semoga tidak tenang hidup pengusaha Celcom makan duit haram offer servis, orang bayar tapi servis tiada.",0,0,0,0
30,2022-09-19 18:08:07+00:00,https://twitter.com/najihaisazali_/status/1571924109172559872,najihaisazali_,Twitter for iPhone,,"currently;
celcom postpaid - RM50, 20GB (line sendu)
hotlink prepaid - RM35, Unlimited (line cantik)

yg celcom tu boleh ke nak tukar jd prepaid? rasa tak berbaloi betul. sbb jarang guna, tp kalau guna pun tiada guna nya hm line hampeh gila",0,0,0,1
31,2022-09-19 15:56:13+00:00,https://twitter.com/CtNoorFatiah/status/1571890917224873985,CtNoorFatiah,Twitter for iPhone,Kuala Lumpur City,"@YCA601 @JatIkhwan satu pilihan berbaloi lagi Yodooo. Guna line celcom.

 kelebihan blh ""custom"" data ikut keperluan kegunaan kita.. Nk jenis mana @ nk berapa gb.. 

Biasa rm50.. unlimited tanpa FUP. Saya biasa guna lebih 100gb sebulanğŸ˜…. 6mbps

Kekurangan ""tiada unlimited call""",1,0,0,0
32,2022-09-16 07:42:35+00:00,https://twitter.com/raffafax/status/1570679526249893889,raffafax,Twitter for iPhone,Malaysia,@Celcom Untuk apa network checkerâ€¦memang tiada line EDGE,0,0,0,1
33,2022-09-12 01:04:29+00:00,https://twitter.com/aaron_osmo/status/1569129788492881920,aaron_osmo,Twitter for Android,"Sabah, Malaysia","It's time to say goodbye Celcom. Line teruk, full bar 4G macam tiada function walaupun dekat bandar. Refresh, flight mode bagai masih sama. Memang teruk lah bah. 

@Celcom @CelcomBlueCube",1,0,0,1
34,2022-09-04 04:46:36+00:00,https://twitter.com/AsyrafSapiee/status/1566286582671618048,AsyrafSapiee,Twitter for iPhone,,@Celcom kenapa kawasan ni..line internet ok tetapi untuk incoming call n outgoing call tiada coverage..sukar jika ada hal kecemasan untuk buat panggilan.. @McmcReact https://t.co/FP4Rf3rqjM,0,0,0,1
35,2022-08-17 07:24:39+00:00,https://twitter.com/hawasshii/status/1559803378292510720,hawasshii,Twitter for Android,+60,"@Celcom Kenapa dari tadi takde line langsung ye kat Hulu Langat ni? Bila check coverage dia kata tiada masalah tapi langsung takde line kat sini. Dah tukarÂ² airplane mode &amp; restart phone dah, sama je.",0,0,0,1
36,2022-08-10 07:23:19+00:00,https://twitter.com/sia_lee_foo/status/1557266327143714817,sia_lee_foo,Twitter for iPhone,Kuala Lumpur City,"Menyesal menggunakan @Celcom sudah lah tiada penghargaan pada pengguna lama.. line macam siput babi ..internet langsung x boleh pakai. Adios @Celcom 
#celcomproblem #celcom",1,0,0,0
37,2022-08-04 14:22:03+00:00,https://twitter.com/shafryana96/status/1555197375270252546,shafryana96,Twitter for iPhone,"Kota Kinabalu, Sabah","@Maxis lasttt kau buat hal , mmg ak tukar pigi celcom balik2 tiada line palinng lastt !!",0,0,0,0
38,2022-08-03 17:45:43+00:00,https://twitter.com/amaslinfadzli/status/1554886245209108481,amaslinfadzli,Twitter for Android,,KENAPA TIBA2 TIADA ELEKTRIK DAN LINE CELCOM HABIS LANGSUNG TAKDEEE NIIIII WOIIII,0,0,0,1
39,2022-07-20 01:35:55+00:00,https://twitter.com/natsume142/status/1549568753809047552,natsume142,Twitter for iPhone,"Selangor, Malaysia","@unitymy19 Zaman saya duduk sana tahun 2013 gitu.. line tak power cm sekarang. Saya guna 2 telco, maxis and celcom.. dedua slow, complaint pon tiada improvement. Nak buat assignment pergi library. Jln area depan laut, seram.. kalau bukan nmpk hantu, kena kejar babi atau monyet",0,0,0,1
40,2022-07-11 01:27:08+00:00,https://twitter.com/zzwann/status/1546305051982905344,zzwann,Twitter for Android,"Kota Kinabalu, Sabah",penat la dgn line @digitelco @Celcom @TuneTalk ni. buat report sama jak ayat yg digunakan. penyelesaian tiada. sudhla zaman now byk beno guna internet kerja. majikan jenis tak percaya dgn line ke laut ni. tiada alasan tiada line. pergh. terperangkap weh. haish.,3,3,0,2
41,2022-07-10 09:23:00+00:00,https://twitter.com/audreyrantau/status/1546062421705781248,audreyrantau,Twitter for iPhone,"Sabah, Malaysia.",@mchorror @Celcom Di Penampang pun tiada line @Celcom . Terpaksa tether line @digitelco,0,0,0,2
42,2022-07-09 02:19:09+00:00,https://twitter.com/RahyzSuadriaf/status/1545593367744380928,RahyzSuadriaf,Twitter for Android,Sandakan,"@Celcom tiada coverage dr jam7pagi d kawasan batu putih,batu 7,sandakan,sabah..bila nak ada line ni?",0,1,0,1
43,2022-07-07 22:36:37+00:00,https://twitter.com/ana_izumisanusi/status/1545174977368170496,ana_izumisanusi,Twitter for Android,Malaysia,"Tak tahu lah duduk dlm rumah sewa ke, dlam gua ni.
Line teruk ya ampuuuuuunnnn~
The only time dpt line masa dkat tmpat posting dkat Ipoh.
Dh komplen 2X dkat celcom, tapi jwpan menyedihkan. 
""Kwsan mmg congested dgn user, tpi tiada perancngan utk upgrade""
Sedihhh~~",0,0,0,0
44,2022-07-02 05:52:57+00:00,https://twitter.com/SayYas75/status/1543110456830992384,SayYas75,Twitter for Android,,"@celcom skrg pukul 8:14 a.m. line coverage tiada langsung signal di Kg Kuala Lumagar Bongawa, Sabah. Sy tidak tau pukul berapa tweet ini akan dpt di send. Sila ambil tindakan baiki.",0,0,0,1
45,2022-06-30 12:03:14+00:00,https://twitter.com/ikhwan_azahari/status/1542478867960500224,ikhwan_azahari,Twitter for Android,"Shah Alam, Selangor",@Celcom haii. Kenapa line celcom area Puncak Perdana tiada langsung ya? https://t.co/vMyyOGMHrQ,0,0,0,1
46,2022-06-22 03:14:09+00:00,https://twitter.com/KepalaGaru/status/1539446615031029761,KepalaGaru,Twitter for iPhone,,@Celcom saya nak buat aduan. Line celcom di hospital tuanku jaafar seremban sangat memalukan!! Line 4G hanya dua bar diluar dan kadang2  tiada signal lgsung di dalam bangunan. Bayar mahal2 tapi tempat2 penting pon tak boleh provide standard servis. Tolong selesaikan!,0,0,0,1
47,2022-06-21 14:36:42+00:00,https://twitter.com/BugsssBunnny/status/1539255997365391360,BugsssBunnny,Twitter for Android,"Vladivostok, Ulu Yam",Saya lihat ramai pengguna twitter Korea suka pakai @Celcom tapi depa semua cakap Melayu saya pun suka pakai Celcom tetapi kebelakangan ini selalu tiada line macam hanat.,0,0,0,1
48,2022-06-21 01:26:30+00:00,https://twitter.com/xwxwgoddess/status/1539057135379632128,xwxwgoddess,Twitter for iPhone,ğŸ“BKI || Sabahan ğŸ‡²ğŸ‡¾,@Celcom Tapi area kami di Taman Luyang selalu â€˜Eâ€™ internet line bar pun hanya 1 saja..2 kli suda complain celcom di cakap xda apa2 masalah tetapi line tetap suck! Bangunan tinggi2 dekat area sy pun tiada jga sedangkan tempat area kmi tinggal Taman perumahan..,0,0,0,1
49,2022-06-18 11:50:29+00:00,https://twitter.com/kamarularnizam/status/1538127005245329409,kamarularnizam,Twitter for Android,"Tambunan, Sabah","@PiduyyYuhuu Sure will follback, yes betul tiada line sini (digi, celcom, maxis, etx). Bergantung dengan wifi sekolah saja (wifi tembak satelit). Speed tersangat slow, kadang hantar msg wssp pun xdapat ğŸ¥²",0,0,0,1
50,2022-06-16 12:14:19+00:00,https://twitter.com/zeir90/status/1537408226991349761,zeir90,Twitter for Android,Selangor ,"@Celcom Tolong tinjau lokasi kepulauan bahagian Semporna,,, langsung tiada signal line celcom,,,",3,0,0,1
51,2022-06-04 00:20:25+00:00,https://twitter.com/fran7273/status/1532879911937261568,fran7273,Twitter for iPhone,"Tuaran, Sabah",@mkini_bm Taman Lemawang cuma lebih kurang 6 KM dari pekan Tuaran tapi tiada line kesemua telco yang saya guna seolah-olah ia berada di planet lain. #celcom #digitelco,1,0,0,0
52,2022-05-04 07:33:33+00:00,https://twitter.com/SanjeevanSS/status/1521754888937500672,SanjeevanSS,Twitter for Android,"Selangor, Malaysia",Memang teruk giler line @Celcom.....bnyk kali dh adu pada KKMM tapi tiada tindakan. @AnnuarMusa,4,0,0,1
53,2022-05-03 10:38:17+00:00,https://twitter.com/schizoBS/status/1521438994558783488,schizoBS,Twitter for iPhone,Malaysia,"Nk guna MAXIS zerolution pon, masalah line tiada langsung kawasan ni. Kalau x lama dh aku tukar ke telco lain. Tukar ke celcom la dulu dalam masa terdekat ni. Kebetulan semua family ada ni, kena pergi direct di mana2 branch mereka utk settle",0,0,0,0
54,2022-04-18 11:12:57+00:00,https://twitter.com/nanijarkasi/status/1516011900362174467,nanijarkasi,Twitter for Android,,@Celcom Kenapa tiada line?,0,0,0,0
55,2022-04-11 14:51:14+00:00,https://twitter.com/KasmahTen/status/1513530117884383234,KasmahTen,Twitter for iPhone,"Tawau, Sabah [VIPsince2011]",Adoiiii @Celcom dah hampir 2 bulan ni area balung line internet slow.. dah berkali buat aduan masih juga tiada perubahan...,0,0,0,0
56,2022-04-09 08:45:35+00:00,https://twitter.com/hanazira_kim/status/1512713323061874694,hanazira_kim,Twitter for iPhone,"ğŸ‡²ğŸ‡¾NamJin, WonHoon, Tyun","@Celcom Hello, area taman kasih sg sekamat kajang, memang taknak improve ke? Line langsung tak boleh. Kena pakai unifi, orang nak call pun tak boleh, line langsung tiada. Menyusahkan.",0,0,0,0
57,2022-04-07 13:59:18+00:00,https://twitter.com/koisora19/status/1512067495993102340,koisora19,Twitter for Android,Here,"Hi @Celcom, coverage di Sandakan dlm dua hari ni sangat slow dan hampir tiada line. Apa problem ya?",0,0,0,0
58,2022-04-07 04:59:10+00:00,https://twitter.com/beteeahmad/status/1511931566586740736,beteeahmad,Twitter for iPhone,bki,apaa masalah celcom tiada line nie dari semalam ? @Celcom,0,0,0,1
59,2022-04-05 14:34:23+00:00,https://twitter.com/kaiharith/status/1511351548588310537,kaiharith,Twitter for Android,,@Celcom memang tiada line ke malam ni?,0,0,0,1
60,2022-04-04 21:33:47+00:00,https://twitter.com/YuzYussof/status/1511094708273283073,YuzYussof,Twitter for Android,Wilayah Persekutuan Labuan,Apa masalah #celcom tiada line pagi2 buta ni !? Luckily unifi abg aku tembus ke rumah kami,0,0,0,0
61,2022-03-17 12:50:17+00:00,https://twitter.com/MuhdAfiqFiqq/status/1504439980969500672,MuhdAfiqFiqq,Twitter for Android,"Johore, Malaysia","Wahai @Celcom, tolonglah perbaiki line di area rumah saya. Dri dulu sampai sekarang tiada improvement. Hmm, tukar telco lah mcmni",1,0,0,1
62,2022-03-14 04:23:02+00:00,https://twitter.com/miqdad_miq/status/1503225166502846464,miqdad_miq,Twitter for iPhone,"Kuantan, Pahang",Penyeksaan tiada line celcom sudah berakhir ğŸ˜‚,0,0,0,0
63,2022-03-09 14:45:25+00:00,https://twitter.com/syaiful_rex/status/1501569853085609992,syaiful_rex,Twitter for Android,Makkah Al Mukarrama,"Butuh digi
Butuh celcom
Sama dgn maxis
Kadang E kadang Roaming
Kadang semua tiada

Kadang kadang tiada line
Tiada line kadangÂ²

KadangÂ² tiada 4g
Semua tiada kadangÂ²https://t.co/wTYIVWFCFy",0,0,0,0
64,2022-02-28 23:10:57+00:00,https://twitter.com/ikmlx/status/1498435582821036033,ikmlx,Twitter for Android,someone's heart,@ciklaen @mzulfiqor @baabaaer starlink ni sesuai untuk kawasan luar bandar tiada line je kak. Harga pun lagi mahal dari unifi atau celcom. Sabah sarawak sana sangat sesuai.,2,0,0,1
65,2022-02-24 22:08:30+00:00,https://twitter.com/mirajunior57/status/1496970317276737552,mirajunior57,Twitter for iPhone,BKI//Sabah ,last lh budu gaya celcom ni smlm tiada line tiba2,1,0,0,0
66,2022-02-14 23:45:27+00:00,https://twitter.com/KasmahTen/status/1493370834722824194,KasmahTen,Twitter for Android,"Tawau, Sabah [VIPsince2011]","Seharian tiada line.. 6 biji HP dirumah ni semua pengguna celcom, semua line bar kena pangka ğŸ˜ªğŸ˜ª",0,0,0,0
67,2022-02-01 16:25:52+00:00,https://twitter.com/AzlindaMz/status/1488549167248994307,AzlindaMz,Twitter for iPhone,,"@akifruzaini Aku kat machang yang tak sampai 500 meter dari jalan besar , line celcom semputtttt. Instagram pun tak boleh loading. Alhamdulillah tiada krisis air buat masa ni",0,0,0,1
68,2022-01-31 16:41:39+00:00,https://twitter.com/dlwdis/status/1488190751997521926,dlwdis,Twitter for iPhone,,@Celcom kenapa tiada line dari hari sabtu ni? kalau ada masalah bagitau jangan diam diam risau saya,0,0,0,0
69,2022-01-22 08:45:26+00:00,https://twitter.com/Kim_Sung_Jae/status/1484809419666124802,Kim_Sung_Jae,Twitter for Android,Worldwide by Y's side,"Sakit hati yang tiada penhujung dgn line celcom ni
Hari2 makan hati ğŸ˜’",0,0,0,0
70,2022-01-17 08:22:51+00:00,https://twitter.com/hanazira_kim/status/1482991794015158275,hanazira_kim,Twitter for iPhone,"ğŸ‡²ğŸ‡¾NamJin, WonHoon, Tyun","@Celcom Nak tanya, Taman Kasih 43000 Kajang (area sg Sekamat) memang tiada line ke? Kalau betul tiada, saya nak tukar line lain. Kat area tu umobile je ada dengan unifi.",0,0,0,0
71,2022-01-11 07:55:59+00:00,https://twitter.com/KotaBeludInfo/status/1480810707478142980,KotaBeludInfo,Twitter for Android,"Kota Belud, Sabah","Line @Celcom  ini seakan akan ingin menguji tahap kesabaran saya. Line kamu ok ka atau tiada ""lain"" sini, om saja.. ğŸ˜’",0,0,0,3
72,2022-01-10 02:15:57+00:00,https://twitter.com/riezmann/status/1480362746306711553,riezmann,Twitter for Android,,Ada hati nak guna 5G. Ni kat kg Parit Othman Darat Batu Pahat. Sampai sekarang keluar roaming je. Setiap kali nak dapatkan line balik kena aktifkan plane mode je. Itu pun line macam biskut kejap ada kejap takde. Dah repot tapi tiada perubahan pun. #celcom https://t.co/lOlHqCGChM,0,0,0,0
73,2022-01-04 16:20:55+00:00,https://twitter.com/arifahwaly/status/1478401063283658752,arifahwaly,Twitter for Android,"Ranau Sabah, Malaysia","Maliau Basin ni, ada beberapa telko ja ada line. DiGi saya langsung tiada line. Celcom ni ja ada. Itupun H+ ja. Load Twitter bolehlah. Sudahlah jam 11PM power cut off. Skg susah mau tidur sbb semua bunyi boleh dengar termasuk bunyi perut. Bergema bunyi perut ğŸ¤£.",1,0,0,0
74,2022-01-02 05:44:10+00:00,https://twitter.com/chekgu_lk/status/1477516042616274946,chekgu_lk,Twitter for Android,"Sabah, Malaysia","Better Celcom bagi diskaunlah bil fibre bulan ni untuk di Sabah. Dari kelnmarin pagi (1 Jan) tiada line sampai ke hari ni. Call careline, kata kelmarin ptg isu akn selesai. Agaknya petang hari lain kot selesai @Celcom @CelcomBlueCube",0,0,0,0
75,2021-12-25 15:27:22+00:00,https://twitter.com/soldaduMY/status/1474763707649388550,soldaduMY,Twitter for iPhone,"Johore, Malaysia","Kena tiada line @Celcom di sekitar Pt Sulaiman, Telok Kerang, Pontian? Apa mmg kerja nak menyusahkan rakyat je ke skng ni? Pls do something. Org kampung nk berhubung pun susah. Ingat bayar pakai daun ke? @MCMC_RASMI @McmcReact cer komen skit. Makin teruk kerajaan skng ni",0,0,0,0
76,2021-12-25 08:20:23+00:00,https://twitter.com/Chanatip08/status/1474656255998267393,Chanatip08,Twitter for Android,Shiganshina District,"@Celcom automatically switch to data roaming lagi. Please fix ASAP! 10 minit bertukar kepada mode data roaming, and then EDGE 1 minit, 4G 1 minit dan bertukar semula ke data roaming. Hello saya kat Malaysia je. Tiada record ke luar negara. Kenapa line celcom jadi mcm ni. FIX THIS https://t.co/ZIO2wTSbeQ",0,0,0,0
77,2021-12-25 08:17:43+00:00,https://twitter.com/burgerbroariel/status/1474655582053228546,burgerbroariel,Twitter for Android,,Line celcom kat teluk nipah pulau pangkor perak lansung tiada...tolong ambil maklum aduan saya ni...ramai pelancong terutama orang tempatan untuk jalani utusan perniagaan..@SKMM,0,0,0,0
78,2021-12-25 08:15:01+00:00,https://twitter.com/burgerbroariel/status/1474654904975167490,burgerbroariel,Twitter for Android,,Line celcom kat teluk nipah pulau pangkor perak lansung tiada...tolong ambil maklum aduan saya ni...ramai pelancong terutama orang tempatan untuk jalani utusan perniagaan,0,0,0,0
79,2021-12-21 09:08:44+00:00,https://twitter.com/FazzSunny/status/1473218869812547584,FazzSunny,Twitter for Android,"Austin, TX","@magmalaya Temerloh mula tiada Line internet Yes,Celcom, Umobile dah takda...Digi je buat masa sekarang ni yang saya nampak boleh guna...share hotspot antara satu sama lain...",43,19,0,2
80,2021-12-21 09:05:23+00:00,https://twitter.com/fredrckjggojgie/status/1473218027046924288,fredrckjggojgie,Twitter for iPhone,Land of Hornbill ,jalan rosak boleh jak buat on the spot. line celcom ada masalah kena tunggu 3 hari bekerja. eh mcm tiada kaitan.,0,0,0,0
81,2021-12-21 04:48:41+00:00,https://twitter.com/shalizamdyusof/status/1473153425814671360,shalizamdyusof,Twitter for iPhone,,"Celcom tiada line sudah di Pahang, nasib ada wifi.",0,0,0,1
82,2021-12-21 03:08:46+00:00,https://twitter.com/_nedxander/status/1473128281637412866,_nedxander,Twitter for iPhone,TRG - SGR ğŸ‡²ğŸ‡¾,@Celcom kenapa tiada line ye dari pagi tadi lagi ğŸ˜,0,0,0,0
83,2021-12-20 09:53:49+00:00,https://twitter.com/elaidiwaiae/status/1472867827476406272,elaidiwaiae,Twitter for Android,,@AutumnMay_05 Mcm tiada fungsi jg bh drg turun . Sedih oh gov tiada tindakan . syukurrr alhamdulillah Area kolej kmi okay jg cma tiada line celcom dn digi tida stabil . Bru smlm stabil . Dn ada pencawang tnb sna shah alam meletup bilng,0,0,0,0
84,2021-12-18 11:59:16+00:00,https://twitter.com/frdausrazak/status/1472174624297291779,frdausrazak,Twitter for iPhone,,"Allahuakbar, line celcom no servis sebab pencawang problem tambah dengan banjir teruk. Semoga tiada kemalangan kecemasan yang berlaku sebab tak dapat hubungi bomba.",0,0,0,0
85,2021-12-14 02:45:15+00:00,https://twitter.com/runningnury/status/1470585647555432452,runningnury,Twitter for iPhone,,"babi line celcom, maxis, digi, tunetalk, yes SEMUA TIADA. UNIFI JA JALAN.",1,0,0,1
86,2021-11-25 13:51:45+00:00,https://twitter.com/jeedZulkefli/status/1463868010247061508,jeedZulkefli,Twitter for iPhone,"Bandar Kuala Lumpur, Wilayah P","@Celcom 
&amp; isu no connection berpisah tiada. Sudahlah susah nak buat report, dekat tweet suruh whatsapp, dekat whatsapp tak reply reply. Nak callâ€¦. Engkau punya line ni no line apa bagai. 

Macamana lah â€¦. Takkan ari ari nk reset reset? Kata nak hapuskan 3g bagai",0,0,0,0
87,2021-11-22 10:28:51+00:00,https://twitter.com/mohdshazwie11__/status/1462729784719396867,mohdshazwie11__,Twitter for iPhone,Malaysia,Omg. Tadi line celcom di Ulu Dusun Sandakan bongok betul. 4G tapi tiada ni masuk apa apa noti. Jangan juga ya begitu,0,0,0,0
88,2021-11-22 01:03:41+00:00,https://twitter.com/farahmvrzuki/status/1462587554583044100,farahmvrzuki,Twitter for iPhone,Malaysia,Omg tiada line disini ni?? Celcom like fr?? Oh i forgot i used to live here mmg susah line,0,0,0,0
89,2021-11-20 13:30:08+00:00,https://twitter.com/sayasyahirahnur/status/1462050629434568709,sayasyahirahnur,Twitter for iPhone,,"alhamdulillah line dah okay! harap line okay ni kekal sampai ke anak cucu la eh @Celcom . tapi slow tu sudah biasa, tak pa la asalkan ada dari tiada!",1,0,0,0
90,2021-11-18 09:37:27+00:00,https://twitter.com/ajiqoepico/status/1461267299541733378,ajiqoepico,Twitter for iPhone,,Anda kenapa ya celcom? Ketiba tibaan tiada line sepanjang hari ğŸ™‚,0,0,0,0
91,2021-11-15 02:51:34+00:00,https://twitter.com/_itsmeelliot/status/1460077991044648967,_itsmeelliot,Twitter for Android,,"@Celcom Saya nak tanya kenapa tiba-tiba saya punya nombor tiada line ya dah berhari-hari, nak kata saya tak topup baru je topup rm5",0,0,0,0
92,2021-11-12 14:27:33+00:00,https://twitter.com/amirulhaq_/status/1459165975996076042,amirulhaq_,Twitter for Android,,"Okay dalam perspektif student dan pengguna setelah setahun lebih.

Baik
1. Blh hotspot ikut baki data (tiada limit hotspot)
2. Speed tak capped
3. Boleh carry forward baki data bulan lps.
4. Lambat bayar tiada caj.

Buruk
1. Line celcom tak berapa stabil
2. Bnyk selenggara https://t.co/xyeW2RMepc",4,4,0,1
93,2021-11-08 08:39:56+00:00,https://twitter.com/Yolo921204/status/1457628944371372032,Yolo921204,Twitter for Android,,"@tatapurplesyou_ I dulu guna Maxis package berharga RM98 sebulan, selalu tiada line. Sekarang saya guna Tunetalk RM48 unlimited, l rasa lagi laju. Selain itu, bapa saya juga guna celcom RM35, dia cakap so far so good, better than the Streamxy WiFi di rumahğŸ˜‚",0,0,0,1
94,2021-11-06 01:34:14+00:00,https://twitter.com/linwinkywanka/status/1456797036196417539,linwinkywanka,Twitter for iPhone,"Kuala Lumpur Federal Territory, Malaysia",@Celcom line tiada langsung even untuk kol pon tiada. Bayar bill every month bukan main tp notis pon tiada langsung bila jadi mcm ni.,0,0,0,1
95,2021-10-26 11:57:58+00:00,https://twitter.com/YuzYussof/status/1452967737605558272,YuzYussof,Twitter for Android,Wilayah Persekutuan Labuan,Kawan mengadu.. Digi lagi tiada line. Welcome to the club with celcom ğŸ˜ŒğŸ™‚,0,0,0,0
96,2021-10-23 09:51:01+00:00,https://twitter.com/YuzYussof/status/1451848628549656577,YuzYussof,Twitter for Android,Wilayah Persekutuan Labuan,cibai la line celcom.. dari semalam sampai hari ni.. nda pernah2 begini lama tiada line ğŸ–•ğŸ»,0,0,0,0
97,2021-10-21 11:27:14+00:00,https://twitter.com/danneyboyladero/status/1451148067135115272,danneyboyladero,Twitter for Android,keningau,"@Celcom Biar 1000 gb engkau bagi klaw line internet masi truk...tiada guna juga.
Keningau,sabah, malaysia
Pengalaman internet celcom adalah yg paling teruk. Tak minta bnyk..line internet yang stabil pn da cukup, ni bacaan 70 kbps. 500 kbps stabil pun ok da celcom.",0,0,0,0
98,2021-10-19 04:21:40+00:00,https://twitter.com/audifaliq/status/1450316193697439746,audifaliq,Twitter for Android,"Petaling Jaya, Malaysia","Hi @Celcom , dalam Eco Shop Sunway Mentari tiada coverage (0 bar). Diharap dapat sediakan line untuk kemudahan pelanggan. Terima kasih.",0,0,0,0
99,2021-10-01 04:02:13+00:00,https://twitter.com/aaishazlkp/status/1443788317263237122,aaishazlkp,Twitter for iPhone,,Celcom dgn line problem berpisah tiada,0,0,0,0
100,2021-09-24 11:47:33+00:00,https://twitter.com/shaanizzle_/status/1441368706274054150,shaanizzle_,Twitter for Android,BKI,Stress bah tiada wifi ni yihhh. Line Celcom pun macam pantat,0,0,0,0
101,2021-09-22 07:07:59+00:00,https://twitter.com/Abyieee2/status/1440573576977862661,Abyieee2,Twitter for Android,,"Jika mereka tiada line Digi, tapi ada line Celcom, maka Tonewow sentiasa ada. Begitu juga sebaliknya!

Mana yang menunggu peluang untuk jadi pengedar simkad Tonewow, saya rasa inilah waktu terbaik anda boleh mulakan

Kita membayar dan kita dibayar
Simkad yang menang kedua-duanya",0,0,0,0
102,2021-09-21 15:13:16+00:00,https://twitter.com/Kimihamehameha/status/1440333314141818887,Kimihamehameha,Twitter for iPhone,,Line @Celcom slow . Dah try on off phone sama saja. Hmmm.. tiada improvement,0,0,0,0
103,2021-09-18 12:17:52+00:00,https://twitter.com/izriez/status/1439202007345090561,izriez,Twitter for Android,Kuala Lumpur City,"@MCMC_RASMI Hi MCMC, tolong stabilkan signal 4G Celcom, line sgt slow &amp; congest,juga luaskn liputan 4G LTE bg rangkaian telco Maxis &amp; Digi di kawasan luar bandar di Kedah. Bnyk kali aduan di buat tetapi tiada tindakan yg dibuat. Sila jalankan tanggungjawab",0,0,0,0
104,2021-09-12 09:57:03+00:00,https://twitter.com/ThessaES/status/1436992243018047489,ThessaES,Twitter for Android,Zamboanga City,@ryenoldloza Apa kw pakai rye? Aku kan punya celcom 2 minggu lebih sudah bikin panas. Tiada line oh,0,0,0,1
105,2021-09-05 02:26:59+00:00,https://twitter.com/emceejason/status/1434342265049157633,emceejason,Twitter for Android,"Kota Kinabalu, Sabah (BKI)","@DecipherBKI @KKCity City area, Digi and Celcom territory. Mana yg tiada line Digi dan Celcom, biasanya ada Maxis ğŸ¤£ if you're hanging around more in urban areas, definitely go for 1. Digi 2. Celcom

I'm using both Digi and Celcom.. wife is using Maxis..",0,0,0,1
106,2021-09-02 02:49:18+00:00,https://twitter.com/CarlyeLaj/status/1433260719877726211,CarlyeLaj,Twitter for Android,Sabahan,"@Celcom line sejak semalam area kembirian lanit Manggatal Kota kinabalu Sabah Malaysia sangat mengecewakan..saya tiada tunggakan bil ,malah bayar lebih lagi ,dgn harapan perkhidmatan kamu cemerlang namun mendukacitakan .",0,1,0,0
107,2021-08-24 15:22:47+00:00,https://twitter.com/divaavivaa/status/1430188847325794306,divaavivaa,Twitter for Android,"Bandar Kuala Lumpur, Wilayah P",@Celcom dengan siput slow serupa line dia berpisah tiada. Upgrade naik berapa G pun tetap masalah.,0,0,0,0
108,2021-08-24 06:39:21+00:00,https://twitter.com/OnexoxWahid/status/1430057121362501634,OnexoxWahid,Twitter for Android,"Bukit Raja, Selangor","#DATA_SOLID_INTERNET_LAJU - 
ğŸ‘‰ Internet High Speed (4G LTE)
ğŸ‘‰ Line Liputan Luas (Celcom)
ğŸ‘‰ Blacklist diterima
ğŸ‘‰ Boleh kekalkan nombor lama
ğŸ‘‰ tiada sekatan internet
ğŸ‘‰ Unlimited Calls
ğŸ‘‰ Hotspot (keseluruhan data tanpa had)
ğŸ‘‰ Tiada caj @ syarat tersembunyi
ğŸ‘‰ Tiada Kontrak https://t.co/qFDrxmf0kj",1,0,0,0
109,2021-08-23 12:55:19+00:00,https://twitter.com/siimatahari/status/1429789348690493440,siimatahari,Twitter for Android,dihatipandaku,@Celcom  kenapa tiada line dirumah kami? Adikku suruh tanya habis dia mau showoff dlm pubg.,0,0,0,0
110,2021-08-21 06:42:58+00:00,https://twitter.com/aLbumie/status/1428970868126879746,aLbumie,Twitter for iPhone,Malaysia,Hai @Celcom . Kenapa line teruk sgt sekarangni. Asik tiada line tiba2 dikawasan saujana putra,0,0,0,0
111,2021-08-18 00:04:19+00:00,https://twitter.com/Celcom/status/1427783381840928778,Celcom,Khoros CX,Malaysia,@nrwanieeee Boleh tunggu dalam masa 24 jam ye @nrwanieeee. Jika selepas 24 jam still tiada line boleh DM kami untuk semakan lanjut - Qis,0,0,0,0
112,2021-08-12 04:00:29+00:00,https://twitter.com/SyazleenAzila/status/1425668488597704707,SyazleenAzila,Twitter for Android,"Petaling, Kuala Lumpur",@hansrahmn @nurulatieqa Ya Allah aku mula2 ok lg dgn umobile tp sebulan sekali dia jd line hp xde. Nk call semua xboleh. Dh la parents aku pun umobile. Risau pape jd xboleh nk call. Tu yg tukar line celcom. Setakat 5 bulan ni alhamdulillah tiada mslh lg. Aku pckg fmly.,0,0,0,1
113,2021-08-10 16:15:34+00:00,https://twitter.com/zariqhafizin/status/1425128700018786304,zariqhafizin,Twitter for iPhone,,"@Celcom hi, nak tanya pasal modem wifi rumah. Kenapa tidak ada line? Sedangkan tiada sebarang penyekatan. Dah restart 5 kali ni ni",0,0,0,0
114,2021-07-31 16:07:11+00:00,https://twitter.com/iamsnkamaliah/status/1421502711707488256,iamsnkamaliah,Twitter for iPhone,Malaysia,"Hmmmm dari pukul berapa lagi dok on/off jer data mobile ni. Mengharapkan â€˜lajuâ€™ line internet. 

@Celcom dengan line problems berpisah tiada. Bab potong/barred line cepat dan pantas.",0,0,0,0
115,2021-07-30 03:08:54+00:00,https://twitter.com/Celcom/status/1420944464764301313,Celcom,Khoros CX,Malaysia,@fqrsyarubyjane Okay kalau ikutkan . Coverage okay tiada masalah. Awak nak saya tolong untuk reset line tak?,0,0,0,1
116,2021-07-30 00:07:04+00:00,https://twitter.com/aliffshanusi/status/1420898704785952768,aliffshanusi,Twitter Web App,Malaysia,"@JazeeraJulaili aku tengah cuba home wifi oleh celcom, sini line fiber kena deal dengan management. tiada fiber luar atau time. 500 untuk 139 tu dah padu sanagt dah. boleh live tido dah.",2,0,1,0
117,2021-07-28 14:01:14+00:00,https://twitter.com/xhitamxputih/status/1420383851948302347,xhitamxputih,Twitter for iPhone,"Johor Bahru, Johor",Tiada yang lebib babi daripada line digi dan celcom. Mampus pi! Sial betul,0,0,0,0
118,2021-07-14 15:25:43+00:00,https://twitter.com/imanmanaf5/status/1415331682744299526,imanmanaf5,Twitter for Android,"Negri Sembilan, Malaysia",@Celcom Dari bulan 4 saya buat benda yang sama sampai hari ini masih sama tiada perkembangan. Kenapa sebelum sebelum ini tiada masalah seperti ini tetapi semenjak celcom berkolaborasi dengan digi terus line down teruk. Awak nak saya buat benda yang sama sampai bila?,1,0,0,0
119,2021-07-14 11:51:34+00:00,https://twitter.com/aqlirfxn/status/1415277792481071105,aqlirfxn,Twitter for iPhone,,celcom dan tiada line berpisah tiada,0,0,0,0
120,2021-07-12 17:58:17+00:00,https://twitter.com/amirulam24/status/1414645302057848832,amirulam24,Twitter for Android,,@Celcom please la celcom. Tiba2 xde line. Ganti rugi pon tiada. Kerajaan dah bagi duit bnyk dah. Still teruk.,0,0,0,0
121,2021-07-12 17:50:14+00:00,https://twitter.com/alfredodidx/status/1414643277639262222,alfredodidx,Twitter for iPhone,,ingatkan saya satu orang ja tiada line celcom haha,0,0,0,0
122,2021-07-07 01:37:01+00:00,https://twitter.com/sarihihihi/status/1412586420850487298,sarihihihi,Twitter for Android,Malaysia,wehh tengok la ni line CelcomğŸ˜­ 4 hari suda tiada. kalau ada pun 3G lepastu sekejap ja hilang balik. https://t.co/YBBqFZcZT2,0,0,0,1
123,2021-07-02 08:12:32+00:00,https://twitter.com/keyrullll/status/1410874013002342406,keyrullll,Twitter for Android,Malaysia,Dah tiga hari tiada line nie @digitelco . Tau lah dah gabung dengan celcom tapi janganlah buang aku https://t.co/ETGMIVzrav,0,0,0,1
124,2021-06-29 11:41:18+00:00,https://twitter.com/iztiisml/status/1409839386917629957,iztiisml,Twitter for iPhone,Shah Alam,Semoga @Celcom &amp; @unifi dapat menjalani hidup kalian dengan indah walaupun line anda sesungguhnya sangat mendukacitakan. Saya dan rakyat Malaysia doakan semoga kalian teruskan hidup seperti tiada apa yang berlaku dan hanya hidup dalam fantasi sahaja. Terima kasih.,1,2,0,1
125,2021-06-20 02:48:36+00:00,https://twitter.com/kakmah1/status/1406443841305993220,kakmah1,Twitter for Android,"Kota Bharu, Kelantan","#celcom Di kg banggol Lepah langsung tiada line
Hari ke 2
Kenapa #celcom",0,0,0,0
126,2021-06-19 04:43:37+00:00,https://twitter.com/mijalqarls/status/1406110395689934853,mijalqarls,Twitter for Android,ğ“—ğ“²ğ“¼ ğ“¹ğ“»ğ“®ğ“½ğ“½ğ“²ğ“®ğ“¼ğ“½ ,@AkasyahFarihin Celcom ngan Umobile kedekut and line slow dia berpisah tiada boleh buat syarikat sama samağŸ˜­ğŸ˜­,0,0,0,1
127,2021-06-17 16:40:17+00:00,https://twitter.com/wannajlin/status/1405565974158315520,wannajlin,Twitter for Android,Kajang,@Celcom tlg ajar aku mcm mana nak setel masalah yang mcm hape ni. Potong line tp tiada payment due. Ini ke level telco paling hebat di rantau asia? Bab Potong line punya la laju efektif. https://t.co/ZRN1dfYwwe,0,0,0,1
128,2021-06-17 04:48:59+00:00,https://twitter.com/muhdfairuzzzz/status/1405386972852482052,muhdfairuzzzz,Twitter for iPhone,Malaysia,@Celcom Saya tengok tweet ni dengan line 3G sebab bila saya set kepada 4G tiada line. Please fix this,0,0,0,0
129,2021-06-17 02:59:47+00:00,https://twitter.com/Celcom/status/1405359491680325634,Celcom,Khoros CX,Malaysia,@mdfqq Hi @mdfqq Tiada masalah dengan care line kami buat masa ni. Boleh cuba dari masa ke semasa ya. -Nora,0,0,0,1
130,2021-06-10 11:51:21+00:00,https://twitter.com/bgtn7fnni/status/1402956548188434432,bgtn7fnni,Twitter for iPhone,"Sabah, Malaysia",@95zwithluv @_winterm00n Kene tunggu tiada line kt umobile bru tukar sim celcom,0,0,0,1
131,2021-06-09 14:24:47+00:00,https://twitter.com/noi_adin/status/1402632774675156995,noi_adin,Twitter for Android,Ipoh. Sepang. Next?,@Celcom dan line cam haram berpisah tiada.,1,0,1,0
132,2021-06-08 14:29:25+00:00,https://twitter.com/pae_iza/status/1402271550942941187,pae_iza,Twitter Web App,,"@Celcom dah seminggu WFH line masih slow, sangat slow, tetap slow..whyyyy???? I'm lucky sebab tiada online meeting lagi, but for next coming days I'm not sure. Hope by then your service return.",0,0,0,1
133,2021-06-06 07:24:05+00:00,https://twitter.com/PahlawanPemalu/status/1401439738758848513,PahlawanPemalu,Canva,"Dungun, Terengganu","""KAWASAN SY TIADA LINE DIGI..MCM MANA NI?..""
""KAWASAN SY TIADA LINE CELCOM NI..MCM MANA?""
.
Jgn risau, dgn Master Mobile sentiasa menyokong coverage di kawasan anda..
.
Line SLOW? Bil Telefon MAHAL?
.
PM SY
https://t.co/UjsykH9fKc https://t.co/ZX1FNwcLWm",0,0,0,0
134,2021-06-05 03:40:21+00:00,https://twitter.com/syfqsmsdn/status/1401021044308078593,syfqsmsdn,Twitter for Android,,Harap lepas cucukymyaz nanti line celcom dekat klang ni tiada gangguan lah ya.,0,0,0,2
135,2021-05-31 07:11:30+00:00,https://twitter.com/HarrezHussin/status/1399262243745714176,HarrezHussin,Twitter for Android,"Kota Kinabalu, Sabah",@Celcom @Celcom mau tengok pun susah... Buffer teruk... Lepas tu.. no internet connection.. bila DM.. di suruh cabut masuk sim card.. reboot HP.. clear cache.. tp tetap juga tiada line..,0,0,0,0
136,2021-05-28 14:57:35+00:00,https://twitter.com/atuywhibley/status/1398292374506283014,atuywhibley,Twitter for iPhone,"Kudat, Sabah.",Beli simkad digi baru sebab @Celcom kan anjing tiada line internet. Pastu lupa beli topup. Lupa ba pulak pakai prepaid. Sama jgk nda dpt main game. Esok la beli kredit hahahahaha,0,0,0,1
137,2021-05-28 13:31:21+00:00,https://twitter.com/cemihaikal/status/1398270671428493316,cemihaikal,Twitter for iPhone,Malaysia,"@Celcom habisla pkp pulak kan nk mereput pun line celcom mcm pundek... takperlu pesan untuk restart device, keluarkan simcard, buka tutup flight mode. Takperlu, buat la seribu kali pun tkjadi apa. Jadi amar , sera , amer , suraya ka sapa ka jangan suruh buat benda yg tiada effect",0,0,0,0
138,2021-05-28 02:57:23+00:00,https://twitter.com/Fevinah95/status/1398111130640216066,Fevinah95,Twitter for Android,"Pitas, Sabah","kalau kau mau tau Celcom ini lah salah satu sebab kami suka betul line kamu sini. ada line bikin sakit hati, tiada line pun bikin sakit hati. kalau bukan PKP, sudah saya terminate ni postpaid ğŸ’† https://t.co/TleYlBBlwy",5,0,0,1
139,2021-05-27 14:31:39+00:00,https://twitter.com/idgafpop_/status/1397923460190400513,idgafpop_,Twitter for Android,"Ipoh, Perak","Line @digitelco makin lama makin babi. Da la kena PKPD, line mcm babi. Asal report je skit2 ckp ""kami punya pencawang tiada masalah"".. Da kalau tkde masalah aku nk salahkan sapa? Salah celcom?",0,0,0,0
140,2021-05-24 06:11:14+00:00,https://twitter.com/haiziqnastyy/status/1396710361600991234,haiziqnastyy,Twitter for Android,,"@Celcom masih tiada perubahan , saya dah buat semua step tu dan sekarang line terus takde",0,0,0,0
141,2021-05-20 09:11:35+00:00,https://twitter.com/QyeraRaa/status/1395306194923708426,QyeraRaa,Twitter for Android,"Kota Belud, Sabah","@Celcom Tiada guna buat macam tu, tetap juga tiada line. Lepas keluar dari kawasan tu baru telco yang lain berfungsi macam biasa. Sekian",1,0,0,0
142,2021-05-17 11:14:51+00:00,https://twitter.com/Celcom/status/1394250052835500036,Celcom,Khoros CX,Malaysia,@Blinksasane_ Hi @Blinksasane_ Kami semak tiada masalah dengan care line kami buat masa ni. Mohon cuba dari masa ke semasa ya. -Nora,0,0,0,0
143,2021-05-13 11:57:21+00:00,https://twitter.com/aminaisuu/status/1392811198509326337,aminaisuu,Twitter for Android,,"celcom dan hari penting berpisah tiada, ada je line nak problem anjing.",0,0,0,0
144,2021-05-08 05:56:26+00:00,https://twitter.com/Hayatifakhry/status/1390908433294008321,Hayatifakhry,Twitter for iPhone,Kuala Lumpur Federal Territory,"@Celcom sejak semalam ya. Sekejap 3G sekejap 4G. Nak buka apps pun tak boleh.

Buka twitter pun berkali kali ni. Dah 6 tahun guna Celcom rasanya perlu bertukar ke Maxis.

Makin hari makin teruk je line Celcom Gombak ni. Beli data &amp; topup banyak pun tiada guna dah. https://t.co/WkEVyqGeMC",1,0,0,1
145,2021-05-07 12:33:02+00:00,https://twitter.com/atuywhibley/status/1390645850087464968,atuywhibley,Twitter for iPhone,"Kudat, Sabah.",Kesian @Celcom babi ni sudah sebulan masalah xda line masih tiada tindakan. Anak haram celcom nih. https://t.co/1ZB8NuTRZa,0,0,0,0
146,2021-05-07 07:33:30+00:00,https://twitter.com/SlowRockFM/status/1390570472849371139,SlowRockFM,Twitter for Android,,"Jika mereka tiada line Digi, tapi ada line Celcom, maka Tonewow sentiasa ada. Begitu juga sebaliknya!

Mana yang menunggu peluang untuk jadi pengedar simkad Tonewow, saya rasa inilah waktu terbaik anda boleh mulakan.",0,0,0,1
147,2021-05-07 06:32:55+00:00,https://twitter.com/itsmepaah/status/1390555226260660224,itsmepaah,Twitter for Android,Terengganu,Line celcom ka line umobile ka sama jaa tiada yg sempurna ğŸ˜Œ,0,0,0,0
148,2021-05-06 17:59:25+00:00,https://twitter.com/zamirazaki/status/1390365602338852868,zamirazaki,Twitter for iPhone,Malaysia,1:50 pagi..takde lektrik..niah oh niah..japgi line celcom plk buat hal..maklum lah..berpisah tiada..ğŸ˜”ğŸ˜”,0,0,0,0
149,2021-05-06 15:29:42+00:00,https://twitter.com/aisha_hairul/status/1390327924750913538,aisha_hairul,Twitter for iPhone,,@Celcom and crappy line post heavy rain berpisah tiada ğŸ”ª,0,0,0,0
